	Name	Food	Speed	Children
count	3	3	3.0	3.0
unique	3	3		
top	Liga	soup		
freq	1	1		
mean			118.03333333333335	4.333333333333333
std			33.26158945891391	2.309401076758503
min			92.7	3.0
25%			99.2	3.0
50%			105.7	3.0
75%			130.7	5.0
max			155.7	7.0
