	Name	Food	Speed	Children	hobby	Age
count	4	4	4.0	4.0	1	1.0
unique	4	4			1	
top	Valdis	potatoes			chess	
freq	1	1			1	
mean			112.45	3.75		55.0
std			29.36409372005204	2.217355782608345		
min			92.7	2.0		55.0
25%			94.95	2.75		55.0
50%			100.7	3.0		55.0
75%			118.2	4.0		55.0
max			155.7	7.0		55.0
